team name,matches_played_home,goals_scored_home,goals_conceded_home,wins_home,draws_home,losses_home,win_rate_home,matches_played_away,goals_scored_away,goals_conceded_away,wins_away,draws_away,losses_away,win_rate_away,matches_played_total,wins_total,draws_total,losses_total,goals_scored_total,goals_conceded_total,win_rate_total,player_count,avg_events_per_player,early_goals,mid_goals,late_goals,penalty_goals,own_goals,expected_goal_scored,exp_goal_conceded,exp_goal_difference,points,wins,losses,matches_played,win_count,win_rate
Algeria,6,5,10,1,2,3,0.166666667,7,8,9,2,1,4,0.285714286,13,3,3,7,13,19,0.230769231,0,0,4,8,1,1,0,0,0,0,0,0,0,153,91,0.594771242
Argentina,52,109,44,39,5,8,0.75,25,22,40,3,9,13,0.12,77,42,14,21,131,84,0.545454545,0,0,45,72,35,12,2,6,0.7,5.2,6,2,1,333,219,0.657657658
Australia,6,7,11,2,1,3,0.333333333,7,4,15,0,2,5,0,13,2,3,8,11,26,0.153846154,0,0,4,8,5,4,1,1.7,5.6,-3.9,6,2,1,383,279,0.72845953
Austria,13,31,17,10,1,2,0.769230769,16,12,30,2,3,11,0.125,29,12,4,13,43,47,0.413793103,0,0,13,20,10,3,2,0,0,0,0,0,0,211,117,0.55450237
Belgium,17,25,15,10,3,4,0.588235294,24,27,51,4,6,14,0.166666667,41,14,9,18,52,66,0.341463415,0,0,20,30,19,3,2,4.7,4.6,0.2,4,1,1,364,229,0.629120879
Brazil,78,176,66,58,13,7,0.743589744,26,45,36,12,4,10,0.461538462,104,70,17,17,221,102,0.673076923,0,0,56,138,43,10,1,5.9,0.9,4.9,6,2,1,377,250,0.663129973
Cameroon,11,11,23,3,2,6,0.272727273,12,7,20,1,5,6,0.083333333,23,4,7,12,18,43,0.173913043,0,0,3,13,6,2,0,3.4,5.8,-2.3,4,1,1,197,129,0.654822335
Canada,1,0,1,0,0,1,0,2,0,4,0,0,2,0,3,0,0,3,0,5,0,0,0,1,1,0,0,1,4.2,3.9,0.3,0,0,3,205,118,0.575609756
Colombia,6,9,6,4,0,2,0.666666667,12,17,21,3,2,7,0.25,18,7,2,9,26,27,0.388888889,0,0,5,15,12,3,0,0,0,0,0,0,0,218,138,0.633027523
Croatia,3,3,6,0,1,2,0,13,18,11,7,1,5,0.538461538,16,7,2,7,21,17,0.4375,0,0,8,23,12,2,2,3.8,3.8,0,5,1,0,307,170,0.553745928
Denmark,7,13,13,3,1,3,0.428571429,9,14,11,5,1,3,0.555555556,16,8,2,6,27,24,0.5,0,0,9,17,5,4,0,2.7,3.9,-1.2,1,0,2,293,152,0.518771331
Ecuador,4,4,3,2,1,1,0.5,6,6,8,2,0,4,0.333333333,10,4,1,5,10,11,0.4,0,0,5,7,2,1,0,3.7,2.6,1.2,4,1,1,193,118,0.611398964
Egypt,0,0,0,0,0,0,0,4,3,6,0,2,2,0,4,0,2,2,3,6,0,0,0,1,3,1,2,0,0,0,0,0,0,0,194,136,0.701030928
England,35,54,20,22,11,2,0.628571429,27,25,36,4,9,14,0.148148148,62,26,20,16,79,56,0.419354839,0,0,27,56,21,12,2,5.2,2.3,2.9,7,2,0,403,220,0.545905707
France,29,66,30,18,6,5,0.620689655,30,40,41,10,6,14,0.333333333,59,28,12,19,106,71,0.474576271,0,0,33,69,34,15,6,7.2,1.6,5.5,6,2,1,359,221,0.615598886
Germany,32,66,31,22,5,5,0.6875,12,27,13,8,1,3,0.666666667,44,30,6,8,93,44,0.681818182,0,0,32,47,22,3,3,10.1,3.4,6.7,4,1,1,464,277,0.596982759
Ghana,4,4,5,1,1,2,0.25,8,9,11,3,2,3,0.375,12,4,3,5,13,16,0.333333333,0,0,5,8,5,3,0,4.1,5.6,-1.4,3,1,2,182,112,0.615384615
Hungary,18,73,19,15,2,1,0.833333333,14,14,38,0,1,13,0,32,15,3,14,87,57,0.46875,0,0,31,41,15,4,2,0,0,0,0,0,0,217,121,0.557603687
Iran,1,1,1,0,1,0,0,5,4,11,1,0,4,0.2,6,1,1,4,5,12,0.166666667,0,0,0,6,7,2,1,0,0,0,0,0,0,268,153,0.570895522
Italy,57,99,41,38,14,5,0.666666667,26,29,36,7,7,12,0.269230769,83,45,21,17,128,77,0.542168675,0,0,42,53,33,8,4,0,0,0,0,0,0,332,188,0.56626506
Japan,10,7,14,2,3,5,0.2,7,7,8,2,1,4,0.285714286,17,4,4,9,14,22,0.235294118,0,0,5,17,3,1,0,3.8,4.2,-0.4,6,2,1,316,182,0.575949367
Mexico,16,22,11,8,6,2,0.5,37,35,81,6,8,23,0.162162162,53,14,14,25,57,92,0.264150943,0,0,12,37,13,10,0,3.3,2.4,0.9,4,1,1,438,262,0.598173516
Morocco,4,3,5,0,2,2,0,9,9,13,2,2,5,0.222222222,13,2,4,7,12,18,0.153846154,0,0,9,8,3,0,0,2.4,2.8,-0.5,7,2,0,150,100,0.666666667
Netherlands,29,49,20,17,8,4,0.586206897,21,37,28,10,4,7,0.476190476,50,27,12,11,86,48,0.54,0,0,26,39,31,10,1,2.4,2.7,-0.3,7,2,0,424,258,0.608490566
New Zealand,1,1,1,0,1,0,0,5,3,13,0,2,3,0,6,0,3,3,4,14,0,0,0,1,2,1,0,0,0,0,0,0,0,0,171,119,0.695906433
Paraguay,11,14,10,4,6,1,0.363636364,16,16,28,3,4,9,0.1875,27,7,10,10,30,38,0.259259259,0,0,7,16,7,1,2,0,0,0,0,0,0,178,103,0.578651685
Poland,16,27,14,11,2,3,0.6875,15,17,26,4,3,8,0.266666667,31,15,5,11,44,40,0.483870968,0,0,11,29,9,3,0,2.8,5.9,-3.1,4,1,1,284,159,0.559859155
Portugal,16,36,13,12,1,3,0.75,10,7,16,1,3,6,0.1,26,13,4,9,43,29,0.5,0,0,17,23,21,9,3,4.6,3.9,0.7,6,2,1,420,246,0.585714286
Russia,3,9,2,2,1,0,0.666666667,6,4,11,0,1,5,0,9,2,2,5,13,13,0.222222222,0,0,4,15,5,4,1,0,0,0,0,0,0,258,152,0.589147287
Saudi Arabia,6,3,13,1,0,5,0.166666667,7,6,19,1,2,4,0.142857143,13,2,2,9,9,32,0.153846154,0,0,3,7,4,4,0,3,6,-3,3,1,2,235,155,0.659574468
Senegal,2,3,4,0,1,1,0,3,4,2,2,1,0,0.666666667,5,2,2,1,7,6,0.4,0,0,4,10,2,2,1,3.8,2.5,1.3,6,2,1,169,83,0.49112426
Serbia,1,0,1,0,0,1,0,2,2,2,1,0,1,0.5,3,1,0,2,2,3,0.333333333,0,0,2,6,1,0,0,3.4,7.3,-3.9,1,0,2,258,143,0.554263566
South Africa,6,7,10,1,3,2,0.166666667,3,4,6,1,1,1,0.333333333,9,2,4,3,11,16,0.222222222,0,0,3,6,2,2,0,0,0,0,0,0,0,113,71,0.628318584
South Korea,14,18,22,4,3,7,0.285714286,17,13,45,1,6,10,0.058823529,31,5,9,17,31,67,0.161290323,0,0,5,21,13,0,0,4.1,3.5,0.6,4,1,1,232,148,0.637931034
Spain,30,50,30,16,7,7,0.533333333,29,42,36,13,5,11,0.448275862,59,29,12,18,92,66,0.491525424,0,0,34,48,26,16,2,5.2,2.7,2.5,4,1,1,464,274,0.590517241
Sweden,27,53,25,15,7,5,0.555555556,19,21,44,1,6,12,0.052631579,46,16,13,17,74,69,0.347826087,0,0,20,38,22,6,1,0,0,0,0,0,0,305,178,0.583606557
Switzerland,12,22,16,7,3,2,0.583333333,21,23,43,4,3,14,0.19047619,33,11,6,16,45,59,0.333333333,0,0,15,27,13,0,0,4.4,3.1,1.4,6,2,1,278,155,0.557553957
Tunisia,4,6,6,1,2,1,0.25,8,2,11,0,2,6,0,12,1,4,7,8,17,0.083333333,0,0,5,5,4,2,0,2.3,2.8,-0.5,4,1,1,185,102,0.551351351
Turkey,2,10,0,2,0,0,1,8,10,17,3,1,4,0.375,10,5,1,4,20,17,0.5,0,0,10,6,4,0,0,0,0,0,0,0,0,292,155,0.530821918
Ukraine,1,1,0,1,0,0,1,4,4,7,1,1,2,0.25,5,2,1,2,5,7,0.4,0,0,1,3,1,1,0,0,0,0,0,0,0,224,110,0.491071429
United States,15,19,21,6,2,7,0.4,18,18,41,2,4,12,0.111111111,33,8,6,19,37,62,0.242424242,167,1.167664671,10,20,10,2,3,2.6,2.7,-0.1,5,1,0,402,321,0.798507463
Uruguay,28,62,29,16,7,5,0.571428571,23,18,42,4,5,14,0.173913043,51,20,12,19,80,71,0.392156863,0,0,27,39,23,4,1,3.7,3.5,0.1,4,1,1,266,166,0.62406015
Wales,1,2,1,1,0,0,1,4,2,3,0,3,1,0,5,1,3,1,4,4,0.2,0,0,1,2,2,1,0,2.7,4.6,-1.9,1,0,2,173,97,0.560693642
Cape Verde,44,47,117,0,3,3,0.847,19,21,36,23,6,24,0.964,1,38,39,23,88,81,0.926,13,0.337,148,115,79,82,99,0.799,0,0.461,0.781,14,39,32,1,0.143
Ivory Coast,32,31,114,28,34,0,0.019,5,38,17,15,4,41,0.45,31,1,1,39,57,35,0.653,11,0.21,91,128,142,99,53,0.325,0,0.038,0.634,6,4,47,3,0.995
Jordan,40,78,143,20,35,23,0.338,21,48,49,5,41,35,0.369,5,30,0,49,36,48,0.976,34,0.51,112,149,127,0,138,0.283,0,0.12,0.296,2,34,35,30,0.064
Qatar,18,148,50,27,14,41,0.921,36,10,86,43,40,11,0.842,16,32,0,38,19,42,0.553,40,0.37,24,125,2,3,94,0.735,0,0.962,0.249,19,31,8,26,0.572
Uzbekistan,3,61,14,32,4,3,0.699,22,121,109,11,16,24,0.313,46,25,16,19,104,121,0.47,31,0.66,79,41,18,40,11,0.092,0,0.354,0.552,44,24,24,3,0.221
